name,group,year,value,subGroup,city_id,lastValue,lat,lon
Avengers: Endgame,BV,2019,734190353,Avengers: Endgame,BV,0,27.18333,78.01667
Captain Marvel,BV,2019,424157909,Captain Marvel,BV,0,27.18333,78.01667
Us,Uni.,2019,174480100,Us,Uni.,0,27.18333,78.01667
How to Train Your Dragon: The Hidden World,Uni.,2019,160163055,How to Train Your Dragon: The Hidden World,Uni.,0,27.18333,78.01667
Shazam!,WB (NL),2019,137280471,Shazam!,WB (NL),0,27.18333,78.01667
Dumbo (2019),BV,2019,111114772,Dumbo (2019),BV,0,27.18333,78.01667
Glass,Uni.,2019,111035005,Glass,Uni.,0,27.18333,78.01667
The Upside,STX,2019,108252517,The Upside,STX,0,27.18333,78.01667
The LEGO Movie 2: The Second Part,WB,2019,105806508,The LEGO Movie 2: The Second Part,WB,0,27.18333,78.01667
Alita: Battle Angel,Fox,2019,85710210,Alita: Battle Angel,Fox,0,27.18333,78.01667
Tyler Perry's A Madea Family Funeral,LGF,2019,73247731,Tyler Perry's A Madea Family Funeral,LGF,0,27.18333,78.01667
Pokemon Detective Pikachu,WB,2019,63396074,Pokemon Detective Pikachu,WB,0,27.18333,78.01667
Escape Room,Sony,2019,57005601,Escape Room,Sony,0,27.18333,78.01667
What Men Want,Par.,2019,54611903,What Men Want,Par.,0,27.18333,78.01667
Pet Sematary (2019),Par.,2018,54299657,Pet Sematary (2019),Par.,0,27.18333,78.01667
Black Panther,BV,2018,700059566,Black Panther,BV,0,27.18333,78.01667
Avengers: Infinity War,BV,2018,678815482,Avengers: Infinity War,BV,0,27.18333,78.01667
Incredibles 2,BV,2018,608581744,Incredibles 2,BV,0,27.18333,78.01667
Jurassic World: Fallen Kingdom,Uni.,2018,417719760,Jurassic World: Fallen Kingdom,Uni.,0,27.18333,78.01667
Aquaman,WB,2018,335061807,Aquaman,WB,0,27.18333,78.01667
Deadpool 2,Fox,2018,318491426,Deadpool 2,Fox,0,27.18333,78.01667
Dr. Seuss' The Grinch (2018),Uni.,2018,270620950,Dr. Seuss' The Grinch (2018),Uni.,0,27.18333,78.01667
Mission: Impossible - Fallout,Par.,2018,220159104,Mission: Impossible - Fallout,Par.,0,27.18333,78.01667
Ant-Man and the Wasp,BV,2018,216648740,Ant-Man and the Wasp,BV,0,27.18333,78.01667
Bohemian Rhapsody,Fox,2018,216428042,Bohemian Rhapsody,Fox,0,27.18333,78.01667
A Star is Born (2018),WB,2018,215288866,A Star is Born (2018),WB,0,27.18333,78.01667
Solo: A Star Wars Story,BV,2018,213767512,Solo: A Star Wars Story,BV,0,27.18333,78.01667
Venom (2018),Sony,2018,213515506,Venom (2018),Sony,0,27.18333,78.01667
Ralph Breaks the Internet,BV,2018,201091711,Ralph Breaks the Internet,BV,0,27.18333,78.01667
Spider-Man: Into The Spider-Verse,Sony,2018,190241310,Spider-Man: Into The Spider-Verse,Sony,0,27.18333,78.01667
Star Wars: The Last Jedi,BV,2017,620181382,Star Wars: The Last Jedi,BV,0,27.18333,78.01667
Beauty and the Beast (2017),BV,2017,504014165,Beauty and the Beast (2017),BV,0,27.18333,78.01667
Wonder Woman,WB,2017,412563408,Wonder Woman,WB,0,27.18333,78.01667
Jumanji: Welcome to the Jungle,Sony,2017,404515480,Jumanji: Welcome to the Jungle,Sony,0,27.18333,78.01667
Guardians of the Galaxy Vol. 2,BV,2017,389813101,Guardians of the Galaxy Vol. 2,BV,0,27.18333,78.01667
Spider-Man: Homecoming,Sony,2017,334201140,Spider-Man: Homecoming,Sony,0,27.18333,78.01667
It,WB (NL),2017,327481748,It,WB (NL),0,27.18333,78.01667
Thor: Ragnarok,BV,2017,315058289,Thor: Ragnarok,BV,0,27.18333,78.01667
Despicable Me 3,Uni.,2017,264624300,Despicable Me 3,Uni.,0,27.18333,78.01667
Justice League,WB,2017,229024295,Justice League,WB,0,27.18333,78.01667
Logan (2017),Fox,2017,226277068,Logan (2017),Fox,0,27.18333,78.01667
The Fate of the Furious,Uni.,2017,226008385,The Fate of the Furious,Uni.,0,27.18333,78.01667
Coco,BV,2017,209726015,Coco,BV,0,27.18333,78.01667
Dunkirk,WB,2017,188045546,Dunkirk,WB,0,27.18333,78.01667
Get Out,Uni.,2017,176040665,Get Out,Uni.,0,27.18333,78.01667
Rogue One: A Star Wars Story,BV,2016,532177324,Rogue One: A Star Wars Story,BV,0,27.18333,78.01667
Finding Dory,BV,2016,486295561,Finding Dory,BV,0,27.18333,78.01667
Captain America: Civil War,BV,2016,408084349,Captain America: Civil War,BV,0,27.18333,78.01667
The Secret Life of Pets,Uni.,2016,368384330,The Secret Life of Pets,Uni.,0,27.18333,78.01667
The Jungle Book (2016),BV,2016,364001123,The Jungle Book (2016),BV,0,27.18333,78.01667
Deadpool,Fox,2016,363070709,Deadpool,Fox,0,27.18333,78.01667
Zootopia,BV,2016,341268248,Zootopia,BV,0,27.18333,78.01667
Batman v Superman: Dawn of Justice,WB,2016,330360194,Batman v Superman: Dawn of Justice,WB,0,27.18333,78.01667
Suicide Squad,WB,2016,325100054,Suicide Squad,WB,0,27.18333,78.01667
Sing,Uni.,2016,270395425,Sing,Uni.,0,27.18333,78.01667
Moana,BV,2016,248757044,Moana,BV,0,27.18333,78.01667
Fantastic Beasts and Where To Find Them,WB,2016,234037575,Fantastic Beasts and Where To Find Them,WB,0,27.18333,78.01667
Doctor Strange,BV,2016,232641920,Doctor Strange,BV,0,27.18333,78.01667
Hidden Figures,Fox,2016,169607287,Hidden Figures,Fox,0,27.18333,78.01667
Jason Bourne,Uni.,2016,162434410,Jason Bourne,Uni.,0,27.18333,78.01667
Star Wars: The Force Awakens,BV,2015,936662225,Star Wars: The Force Awakens,BV,0,27.18333,78.01667
Jurassic World,Uni.,2015,652270625,Jurassic World,Uni.,0,27.18333,78.01667
Avengers: Age of Ultron,BV,2015,459005868,Avengers: Age of Ultron,BV,0,27.18333,78.01667
Inside Out,BV,2015,356461711,Inside Out,BV,0,27.18333,78.01667
Furious 7,Uni.,2015,353007020,Furious 7,Uni.,0,27.18333,78.01667
Minions,Uni.,2015,336045770,Minions,Uni.,0,27.18333,78.01667
The Hunger Games: Mockingjay - Part 2,LGF,2015,281723902,The Hunger Games: Mockingjay - Part 2,LGF,0,27.18333,78.01667
The Martian,Fox,2015,228433663,The Martian,Fox,0,27.18333,78.01667
Cinderella (2015),BV,2015,201151353,Cinderella (2015),BV,0,27.18333,78.01667
Spectre,Sony,2015,200074609,Spectre,Sony,0,27.18333,78.01667
Mission: Impossible - Rogue Nation,Par.,2015,195042377,Mission: Impossible - Rogue Nation,Par.,0,27.18333,78.01667
Pitch Perfect 2,Uni.,2015,184296230,Pitch Perfect 2,Uni.,0,27.18333,78.01667
The Revenant,Fox,2015,183637894,The Revenant,Fox,0,27.18333,78.01667
Ant-Man,BV,2015,180202163,Ant-Man,BV,0,27.18333,78.01667
Home (2015),Fox,2015,177397510,Home (2015),Fox,0,27.18333,78.01667
American Sniper,WB,2014,350126372,American Sniper,WB,0,27.18333,78.01667
The Hunger Games: Mockingjay - Part 1,LGF,2014,337135885,The Hunger Games: Mockingjay - Part 1,LGF,0,27.18333,78.01667
Guardians of the Galaxy,BV,2014,333176600,Guardians of the Galaxy,BV,0,27.18333,78.01667
Captain America: The Winter Soldier,BV,2014,259766572,Captain America: The Winter Soldier,BV,0,27.18333,78.01667
The LEGO Movie,WB,2014,257760692,The LEGO Movie,WB,0,27.18333,78.01667
The Hobbit: The Battle of the Five Armies,WB (NL),2014,255119788,The Hobbit: The Battle of the Five Armies,WB (NL),0,27.18333,78.01667
Transformers: Age of Extinction,Par.,2014,245439076,Transformers: Age of Extinction,Par.,0,27.18333,78.01667
Maleficent,BV,2014,241410378,Maleficent,BV,0,27.18333,78.01667
X-Men: Days of Future Past,Fox,2014,233921534,X-Men: Days of Future Past,Fox,0,27.18333,78.01667
Big Hero 6,BV,2014,222527828,Big Hero 6,BV,0,27.18333,78.01667
Dawn of the Planet of the Apes,Fox,2014,208545589,Dawn of the Planet of the Apes,Fox,0,27.18333,78.01667
The Amazing Spider-Man 2,Sony,2014,202853933,The Amazing Spider-Man 2,Sony,0,27.18333,78.01667
Godzilla (2014),WB,2014,200676069,Godzilla (2014),WB,0,27.18333,78.01667
22 Jump Street,Sony,2014,191719337,22 Jump Street,Sony,0,27.18333,78.01667
Teenage Mutant Ninja Turtles (2014),Par.,2014,191204754,Teenage Mutant Ninja Turtles (2014),Par.,0,27.18333,78.01667
The Hunger Games: Catching Fire,LGF,2013,424668047,The Hunger Games: Catching Fire,LGF,0,27.18333,78.01667
Iron Man 3,BV,2013,409013994,Iron Man 3,BV,0,27.18333,78.01667
Frozen,BV,2013,400738009,Frozen,BV,0,27.18333,78.01667
Despicable Me 2,Uni.,2013,368061265,Despicable Me 2,Uni.,0,27.18333,78.01667
Man of Steel,WB,2013,291045518,Man of Steel,WB,0,27.18333,78.01667
Gravity,WB,2013,274092705,Gravity,WB,0,27.18333,78.01667
Monsters University,BV,2013,268492764,Monsters University,BV,0,27.18333,78.01667
The Hobbit: The Desolation of Smaug,WB (NL),2013,258366855,The Hobbit: The Desolation of Smaug,WB (NL),0,27.18333,78.01667
Fast & Furious 6,Uni.,2013,238679850,Fast & Furious 6,Uni.,0,27.18333,78.01667
Oz The Great and Powerful,BV,2013,234911825,Oz The Great and Powerful,BV,0,27.18333,78.01667
Star Trek Into Darkness,Par.,2013,228778661,Star Trek Into Darkness,Par.,0,27.18333,78.01667
Thor: The Dark World,BV,2013,206362140,Thor: The Dark World,BV,0,27.18333,78.01667
World War Z,Par.,2013,202359711,World War Z,Par.,0,27.18333,78.01667
The Croods,Fox,2013,187168425,The Croods,Fox,0,27.18333,78.01667
The Heat,Fox,2013,159582188,The Heat,Fox,0,27.18333,78.01667
Marvel's The Avengers,BV,2012,623357910,Marvel's The Avengers,BV,0,27.18333,78.01667
The Dark Knight Rises,WB,2012,448139099,The Dark Knight Rises,WB,0,27.18333,78.01667
The Hunger Games,LGF,2012,408010692,The Hunger Games,LGF,0,27.18333,78.01667
Skyfall,Sony,2012,304360277,Skyfall,Sony,0,27.18333,78.01667
The Hobbit: An Unexpected Journey,WB (NL),2012,303003568,The Hobbit: An Unexpected Journey,WB (NL),0,27.18333,78.01667
The Twilight Saga: Breaking Dawn Part 2,LG/S,2012,292324737,The Twilight Saga: Breaking Dawn Part 2,LG/S,0,27.18333,78.01667
The Amazing Spider-Man,Sony,2012,262030663,The Amazing Spider-Man,Sony,0,27.18333,78.01667
Brave,BV,2012,237283207,Brave,BV,0,27.18333,78.01667
Ted,Uni.,2012,218815487,Ted,Uni.,0,27.18333,78.01667
Madagascar 3: Europe's Most Wanted,P/DW,2012,216391482,Madagascar 3: Europe's Most Wanted,P/DW,0,27.18333,78.01667
Dr. Seuss' The Lorax,Uni.,2012,214030500,Dr. Seuss' The Lorax,Uni.,0,27.18333,78.01667
Wreck-It Ralph,BV,2012,189422889,Wreck-It Ralph,BV,0,27.18333,78.01667
Lincoln,BV,2012,182207973,Lincoln,BV,0,27.18333,78.01667
MIB 3,Sony,2012,179020854,MIB 3,Sony,0,27.18333,78.01667
Django Unchained,Wein.,2012,162805434,Django Unchained,Wein.,0,27.18333,78.01667
Harry Potter and the Deathly Hallows Part 2,WB,2011,381011219,Harry Potter and the Deathly Hallows Part 2,WB,0,27.18333,78.01667
Transformers: Dark of the Moon,P/DW,2011,352390543,Transformers: Dark of the Moon,P/DW,0,27.18333,78.01667
The Twilight Saga: Breaking Dawn Part 1,Sum.,2011,281287133,The Twilight Saga: Breaking Dawn Part 1,Sum.,0,27.18333,78.01667
The Hangover Part II,WB,2011,254464305,The Hangover Part II,WB,0,27.18333,78.01667
Pirates of the Caribbean: On Stranger Tides,BV,2011,241071802,Pirates of the Caribbean: On Stranger Tides,BV,0,27.18333,78.01667
Fast Five,Uni.,2011,209837675,Fast Five,Uni.,0,27.18333,78.01667
Mission: Impossible - Ghost Protocol,Par.,2011,209397903,Mission: Impossible - Ghost Protocol,Par.,0,27.18333,78.01667
Cars 2,BV,2011,191452396,Cars 2,BV,0,27.18333,78.01667
Sherlock Holmes: A Game of Shadows,WB,2011,186848418,Sherlock Holmes: A Game of Shadows,WB,0,27.18333,78.01667
Thor,Par.,2011,181030624,Thor,Par.,0,27.18333,78.01667
Rise of the Planet of the Apes,Fox,2011,176760185,Rise of the Planet of the Apes,Fox,0,27.18333,78.01667
Captain America: The First Avenger,Par.,2011,176654505,Captain America: The First Avenger,Par.,0,27.18333,78.01667
The Help,BV,2011,169708112,The Help,BV,0,27.18333,78.01667
Bridesmaids,Uni.,2011,169106725,Bridesmaids,Uni.,0,27.18333,78.01667
Kung Fu Panda 2,P/DW,2011,165249063,Kung Fu Panda 2,P/DW,0,27.18333,78.01667
Toy Story 3,BV,2010,415004880,Toy Story 3,BV,0,27.18333,78.01667
Alice in Wonderland (2010),BV,2010,334191110,Alice in Wonderland (2010),BV,0,27.18333,78.01667
Iron Man 2,Par.,2010,312433331,Iron Man 2,Par.,0,27.18333,78.01667
The Twilight Saga: Eclipse,Sum.,2010,300531751,The Twilight Saga: Eclipse,Sum.,0,27.18333,78.01667
Harry Potter and the Deathly Hallows Part 1,WB,2010,295983305,Harry Potter and the Deathly Hallows Part 1,WB,0,27.18333,78.01667
Inception,WB,2010,292576195,Inception,WB,0,27.18333,78.01667
Despicable Me,Uni.,2010,251513985,Despicable Me,Uni.,0,27.18333,78.01667
Shrek Forever After,P/DW,2010,238736787,Shrek Forever After,P/DW,0,27.18333,78.01667
How to Train Your Dragon,P/DW,2010,217581231,How to Train Your Dragon,P/DW,0,27.18333,78.01667
Tangled,BV,2010,200821936,Tangled,BV,0,27.18333,78.01667
The Karate Kid,Sony,2010,176591618,The Karate Kid,Sony,0,27.18333,78.01667
Tron Legacy,BV,2010,172062763,Tron Legacy,BV,0,27.18333,78.01667
True Grit,Par.,2010,171243005,True Grit,Par.,0,27.18333,78.01667
Clash of the Titans (2010),WB,2010,163214888,Clash of the Titans (2010),WB,0,27.18333,78.01667
Grown Ups,Sony,2010,162001186,Grown Ups,Sony,0,27.18333,78.01667
Avatar,Fox,2009,749766139,Avatar,Fox,0,27.18333,78.01667
Transformers: Revenge of the Fallen,P/DW,2009,402111870,Transformers: Revenge of the Fallen,P/DW,0,27.18333,78.01667
Harry Potter and the Half-Blood Prince,WB,2009,301959197,Harry Potter and the Half-Blood Prince,WB,0,27.18333,78.01667
The Twilight Saga: New Moon,Sum.,2009,296623634,The Twilight Saga: New Moon,Sum.,0,27.18333,78.01667
Up,BV,2009,293004164,Up,BV,0,27.18333,78.01667
The Hangover,WB,2009,277322503,The Hangover,WB,0,27.18333,78.01667
Star Trek,Par.,2009,257730019,Star Trek,Par.,0,27.18333,78.01667
The Blind Side,WB,2009,255959475,The Blind Side,WB,0,27.18333,78.01667
Alvin and the Chipmunks: The Squeakquel,Fox,2009,219614612,Alvin and the Chipmunks: The Squeakquel,Fox,0,27.18333,78.01667
Sherlock Holmes,WB,2009,209028679,Sherlock Holmes,WB,0,27.18333,78.01667
Monsters Vs. Aliens,P/DW,2009,198351526,Monsters Vs. Aliens,P/DW,0,27.18333,78.01667
Ice Age: Dawn of the Dinosaurs,Fox,2009,196573705,Ice Age: Dawn of the Dinosaurs,Fox,0,27.18333,78.01667
X-Men Origins: Wolverine,Fox,2009,179883157,X-Men Origins: Wolverine,Fox,0,27.18333,78.01667
Night at the Museum: Battle of the Smithsonian,Fox,2009,177243721,Night at the Museum: Battle of the Smithsonian,Fox,0,27.18333,78.01667
2012,Sony,2009,166112167,2012,Sony,0,27.18333,78.01667
The Dark Knight,WB,2008,533345358,The Dark Knight,WB,0,27.18333,78.01667
Iron Man,Par.,2008,318412101,Iron Man,Par.,0,27.18333,78.01667
Indiana Jones and the Kingdom of the Crystal Skull,Par.,2008,317101119,Indiana Jones and the Kingdom of the Crystal Skull,Par.,0,27.18333,78.01667
Hancock,Sony,2008,227946274,Hancock,Sony,0,27.18333,78.01667
WALL-E,BV,2008,223808164,WALL-E,BV,0,27.18333,78.01667
Kung Fu Panda,P/DW,2008,215434591,Kung Fu Panda,P/DW,0,27.18333,78.01667
Twilight,Sum.,2008,192769854,Twilight,Sum.,0,27.18333,78.01667
Madagascar: Escape 2 Africa,P/DW,2008,180010950,Madagascar: Escape 2 Africa,P/DW,0,27.18333,78.01667
Quantum of Solace,Sony,2008,168368427,Quantum of Solace,Sony,0,27.18333,78.01667
Dr. Seuss' Horton Hears a Who!,Fox,2008,154529439,Dr. Seuss' Horton Hears a Who!,Fox,0,27.18333,78.01667
Sex and the City,WB (NL),2008,152647258,Sex and the City,WB (NL),0,27.18333,78.01667
Gran Torino,WB,2008,148095302,Gran Torino,WB,0,27.18333,78.01667
Mamma Mia!,Uni.,2008,144130063,Mamma Mia!,Uni.,0,27.18333,78.01667
Marley and Me,Fox,2008,143153751,Marley and Me,Fox,0,27.18333,78.01667
The Chronicles of Narnia: Prince Caspian,BV,2008,141621490,The Chronicles of Narnia: Prince Caspian,BV,0,27.18333,78.01667
Spider-Man 3,Sony,2007,336530303,Spider-Man 3,Sony,0,27.18333,78.01667
Shrek the Third,P/DW,2007,322719944,Shrek the Third,P/DW,0,27.18333,78.01667
Transformers,P/DW,2007,319246193,Transformers,P/DW,0,27.18333,78.01667
Pirates of the Caribbean: At World's End,BV,2007,309420425,Pirates of the Caribbean: At World's End,BV,0,27.18333,78.01667
Harry Potter and the Order of the Phoenix,WB,2007,292004738,Harry Potter and the Order of the Phoenix,WB,0,27.18333,78.01667
I Am Legend,WB,2007,256393010,I Am Legend,WB,0,27.18333,78.01667
The Bourne Ultimatum,Uni.,2007,227471070,The Bourne Ultimatum,Uni.,0,27.18333,78.01667
National Treasure: Book of Secrets,BV,2007,219964115,National Treasure: Book of Secrets,BV,0,27.18333,78.01667
Alvin and the Chipmunks,Fox,2007,217326974,Alvin and the Chipmunks,Fox,0,27.18333,78.01667
300,WB,2007,210614939,300,WB,0,27.18333,78.01667
Ratatouille,BV,2007,206445654,Ratatouille,BV,0,27.18333,78.01667
The Simpsons Movie,Fox,2007,183135014,The Simpsons Movie,Fox,0,27.18333,78.01667
Wild Hogs,BV,2007,168273550,Wild Hogs,BV,0,27.18333,78.01667
Knocked Up,Uni.,2007,148768917,Knocked Up,Uni.,0,27.18333,78.01667
Juno,FoxS,2007,143495265,Juno,FoxS,0,27.18333,78.01667
Pirates of the Caribbean: Dead Man's Chest,BV,2006,423315812,Pirates of the Caribbean: Dead Man's Chest,BV,0,27.18333,78.01667
Night at the Museum,Fox,2006,250863268,Night at the Museum,Fox,0,27.18333,78.01667
Cars,BV,2006,244082982,Cars,BV,0,27.18333,78.01667
X-Men: The Last Stand,Fox,2006,234362462,X-Men: The Last Stand,Fox,0,27.18333,78.01667
The Da Vinci Code,Sony,2006,217536138,The Da Vinci Code,Sony,0,27.18333,78.01667
Superman Returns,WB,2006,200081192,Superman Returns,WB,0,27.18333,78.01667
Happy Feet,WB,2006,198000317,Happy Feet,WB,0,27.18333,78.01667
Ice Age: The Meltdown,Fox,2006,195330621,Ice Age: The Meltdown,Fox,0,27.18333,78.01667
Casino Royale,Sony,2006,167445960,Casino Royale,Sony,0,27.18333,78.01667
The Pursuit of Happyness,Sony,2006,163566459,The Pursuit of Happyness,Sony,0,27.18333,78.01667
Over the Hedge,P/DW,2006,155019340,Over the Hedge,P/DW,0,27.18333,78.01667
Talladega Nights: The Ballad of Ricky Bobby,Sony,2006,148213377,Talladega Nights: The Ballad of Ricky Bobby,Sony,0,27.18333,78.01667
Click,SonR,2006,137355633,Click,SonR,0,27.18333,78.01667
Mission: Impossible III,Par.,2006,134029801,Mission: Impossible III,Par.,0,27.18333,78.01667
The Departed,WB,2006,132384315,The Departed,WB,0,27.18333,78.01667
Star Wars: Episode III - Revenge of the Sith,Fox,2005,380270577,Star Wars: Episode III - Revenge of the Sith,Fox,0,27.18333,78.01667
"The Chronicles of Narnia: The Lion, the Witch and the Wardrobe",BV,2005,291710957,"The Chronicles of Narnia: The Lion, the Witch and the Wardrobe",BV,0,27.18333,78.01667
Harry Potter and the Goblet of Fire,WB,2005,290013036,Harry Potter and the Goblet of Fire,WB,0,27.18333,78.01667
War of the Worlds,Par.,2005,234280354,War of the Worlds,Par.,0,27.18333,78.01667
King Kong,Uni.,2005,218080025,King Kong,Uni.,0,27.18333,78.01667
Wedding Crashers,NL,2005,209255921,Wedding Crashers,NL,0,27.18333,78.01667
Charlie and the Chocolate Factory,WB,2005,206459076,Charlie and the Chocolate Factory,WB,0,27.18333,78.01667
Batman Begins,WB,2005,205343774,Batman Begins,WB,0,27.18333,78.01667
Madagascar,DW,2005,193595521,Madagascar,DW,0,27.18333,78.01667
Mr. & Mrs. Smith,Fox,2005,186336279,Mr. & Mrs. Smith,Fox,0,27.18333,78.01667
Hitch,Sony,2005,179495555,Hitch,Sony,0,27.18333,78.01667
The Longest Yard,Par.,2005,158119460,The Longest Yard,Par.,0,27.18333,78.01667
Fantastic Four (2005),Fox,2005,154696080,Fantastic Four (2005),Fox,0,27.18333,78.01667
Chicken Little,BV,2005,135386665,Chicken Little,BV,0,27.18333,78.01667
Robots,Fox,2005,128200012,Robots,Fox,0,27.18333,78.01667
Shrek 2,DW,2004,441226247,Shrek 2,DW,0,27.18333,78.01667
Spider-Man 2,Sony,2004,373585825,Spider-Man 2,Sony,0,27.18333,78.01667
The Passion of the Christ,NM,2004,370274604,The Passion of the Christ,NM,0,27.18333,78.01667
Meet the Fockers,Uni.,2004,279261160,Meet the Fockers,Uni.,0,27.18333,78.01667
The Incredibles,BV,2004,261441092,The Incredibles,BV,0,27.18333,78.01667
Harry Potter and the Prisoner of Azkaban,WB,2004,249541069,Harry Potter and the Prisoner of Azkaban,WB,0,27.18333,78.01667
The Day After Tomorrow,Fox,2004,186740799,The Day After Tomorrow,Fox,0,27.18333,78.01667
The Bourne Supremacy,Uni.,2004,176241941,The Bourne Supremacy,Uni.,0,27.18333,78.01667
National Treasure,BV,2004,173008894,National Treasure,BV,0,27.18333,78.01667
The Polar Express,WB,2004,162775358,The Polar Express,WB,0,27.18333,78.01667
Shark Tale,DW,2004,160861908,Shark Tale,DW,0,27.18333,78.01667
"I, Robot",Fox,2004,144801023,"I, Robot",Fox,0,27.18333,78.01667
Troy,WB,2004,133378256,Troy,WB,0,27.18333,78.01667
Ocean's Twelve,WB,2004,125544280,Ocean's Twelve,WB,0,27.18333,78.01667
50 First Dates,Sony,2004,120908074,50 First Dates,Sony,0,27.18333,78.01667
The Lord of the Rings: The Return of the King,NL,2003,377027325,The Lord of the Rings: The Return of the King,NL,0,27.18333,78.01667
Finding Nemo,BV,2003,339714978,Finding Nemo,BV,0,27.18333,78.01667
Pirates of the Caribbean: The Curse of the Black Pearl,BV,2003,305413918,Pirates of the Caribbean: The Curse of the Black Pearl,BV,0,27.18333,78.01667
The Matrix Reloaded,WB,2003,281576461,The Matrix Reloaded,WB,0,27.18333,78.01667
Bruce Almighty,Uni.,2003,242829261,Bruce Almighty,Uni.,0,27.18333,78.01667
X2: X-Men United,Fox,2003,214949694,X2: X-Men United,Fox,0,27.18333,78.01667
Elf,NL,2003,173398518,Elf,NL,0,27.18333,78.01667
Terminator 3: Rise of the Machines,WB,2003,150371112,Terminator 3: Rise of the Machines,WB,0,27.18333,78.01667
The Matrix Revolutions,WB,2003,139313948,The Matrix Revolutions,WB,0,27.18333,78.01667
Cheaper by the Dozen,Fox,2003,138614544,Cheaper by the Dozen,Fox,0,27.18333,78.01667
Bad Boys II,Sony,2003,138608444,Bad Boys II,Sony,0,27.18333,78.01667
Anger Management,SonR,2003,135645823,Anger Management,SonR,0,27.18333,78.01667
Bringing Down the House,BV,2003,132716677,Bringing Down the House,BV,0,27.18333,78.01667
Hulk,Uni.,2003,132177234,Hulk,Uni.,0,27.18333,78.01667
2 Fast 2 Furious,Uni.,2003,127154901,2 Fast 2 Furious,Uni.,0,27.18333,78.01667
Spider-Man,Sony,2002,403706375,Spider-Man,Sony,0,27.18333,78.01667
The Lord of the Rings: The Two Towers,NL,2002,339789881,The Lord of the Rings: The Two Towers,NL,0,27.18333,78.01667
Star Wars: Episode II - Attack of the Clones,Fox,2002,302191252,Star Wars: Episode II - Attack of the Clones,Fox,0,27.18333,78.01667
Harry Potter and the Chamber of Secrets,WB,2002,261988482,Harry Potter and the Chamber of Secrets,WB,0,27.18333,78.01667
My Big Fat Greek Wedding,IFC,2002,241438208,My Big Fat Greek Wedding,IFC,0,27.18333,78.01667
Signs,BV,2002,227966634,Signs,BV,0,27.18333,78.01667
Austin Powers in Goldmember,NL,2002,213307889,Austin Powers in Goldmember,NL,0,27.18333,78.01667
Men in Black II,Sony,2002,190418803,Men in Black II,Sony,0,27.18333,78.01667
Ice Age,Fox,2002,176387405,Ice Age,Fox,0,27.18333,78.01667
Chicago,Mira.,2002,170687518,Chicago,Mira.,0,27.18333,78.01667
Catch Me If You Can,DW,2002,164615351,Catch Me If You Can,DW,0,27.18333,78.01667
Die Another Day,MGM,2002,160942139,Die Another Day,MGM,0,27.18333,78.01667
Scooby-Doo,WB,2002,153294164,Scooby-Doo,WB,0,27.18333,78.01667
Lilo & Stitch,BV,2002,145794338,Lilo & Stitch,BV,0,27.18333,78.01667
XXX,SonR,2002,142109382,XXX,SonR,0,27.18333,78.01667
Harry Potter and the Sorcerer's Stone,WB,2001,317575550,Harry Potter and the Sorcerer's Stone,WB,0,27.18333,78.01667
The Lord of the Rings: The Fellowship of the Ring,NL,2001,313364114,The Lord of the Rings: The Fellowship of the Ring,NL,0,27.18333,78.01667
Shrek,DW,2001,267665011,Shrek,DW,0,27.18333,78.01667
"Monsters, Inc.",BV,2001,255873250,"Monsters, Inc.",BV,0,27.18333,78.01667
Rush Hour 2,NL,2001,226164286,Rush Hour 2,NL,0,27.18333,78.01667
The Mummy Returns,Uni.,2001,202019785,The Mummy Returns,Uni.,0,27.18333,78.01667
Pearl Harbor,BV,2001,198542554,Pearl Harbor,BV,0,27.18333,78.01667
Ocean's Eleven,WB,2001,183417150,Ocean's Eleven,WB,0,27.18333,78.01667
Jurassic Park III,Uni.,2001,181171875,Jurassic Park III,Uni.,0,27.18333,78.01667
Planet of the Apes (2001),Fox,2001,180011740,Planet of the Apes (2001),Fox,0,27.18333,78.01667
A Beautiful Mind,Uni.,2001,170742341,A Beautiful Mind,Uni.,0,27.18333,78.01667
Hannibal,MGM,2001,165092268,Hannibal,MGM,0,27.18333,78.01667
American Pie 2,Uni.,2001,145103595,American Pie 2,Uni.,0,27.18333,78.01667
The Fast and the Furious,Uni.,2001,144533925,The Fast and the Furious,Uni.,0,27.18333,78.01667
Lara Croft: Tomb Raider,Par.,2001,131168070,Lara Croft: Tomb Raider,Par.,0,27.18333,78.01667
How the Grinch Stole Christmas,Uni.,2000,260044825,How the Grinch Stole Christmas,Uni.,0,27.18333,78.01667
Cast Away,Fox,2000,233632142,Cast Away,Fox,0,27.18333,78.01667
Mission: Impossible II,Par.,2000,215409889,Mission: Impossible II,Par.,0,27.18333,78.01667
Gladiator,DW,2000,187705427,Gladiator,DW,0,27.18333,78.01667
What Women Want,Par.,2000,182811707,What Women Want,Par.,0,27.18333,78.01667
The Perfect Storm,WB,2000,182618434,The Perfect Storm,WB,0,27.18333,78.01667
Meet the Parents,Uni.,2000,166244045,Meet the Parents,Uni.,0,27.18333,78.01667
X-Men,Fox,2000,157299717,X-Men,Fox,0,27.18333,78.01667
Scary Movie,Mira.,2000,157019771,Scary Movie,Mira.,0,27.18333,78.01667
What Lies Beneath,DW,2000,155464351,What Lies Beneath,DW,0,27.18333,78.01667
Dinosaur,BV,2000,137748063,Dinosaur,BV,0,27.18333,78.01667
"Crouching Tiger, Hidden Dragon",SPC,2000,128078872,"Crouching Tiger, Hidden Dragon",SPC,0,27.18333,78.01667
Erin Brockovich,Uni.,2000,125595205,Erin Brockovich,Uni.,0,27.18333,78.01667
Charlie's Angels,Sony,2000,125305545,Charlie's Angels,Sony,0,27.18333,78.01667
Traffic,USA,2000,124115725,Traffic,USA,0,27.18333,78.01667
Star Wars: Episode I - The Phantom Menace,Fox,1999,431088295,Star Wars: Episode I - The Phantom Menace,Fox,0,27.18333,78.01667
The Sixth Sense,BV,1999,293506292,The Sixth Sense,BV,0,27.18333,78.01667
Toy Story 2,BV,1999,245852179,Toy Story 2,BV,0,27.18333,78.01667
Austin Powers: The Spy Who Shagged Me,NL,1999,206040086,Austin Powers: The Spy Who Shagged Me,NL,0,27.18333,78.01667
The Matrix,WB,1999,171479930,The Matrix,WB,0,27.18333,78.01667
Tarzan,BV,1999,171091819,Tarzan,BV,0,27.18333,78.01667
Big Daddy,Sony,1999,163479795,Big Daddy,Sony,0,27.18333,78.01667
The Mummy,Uni.,1999,155385488,The Mummy,Uni.,0,27.18333,78.01667
Runaway Bride,Par.,1999,152257509,Runaway Bride,Par.,0,27.18333,78.01667
The Blair Witch Project,Art.,1999,140539099,The Blair Witch Project,Art.,0,27.18333,78.01667
Stuart Little,Sony,1999,140035367,Stuart Little,Sony,0,27.18333,78.01667
The Green Mile,WB,1999,136801374,The Green Mile,WB,0,27.18333,78.01667
American Beauty,DW,1999,130096601,American Beauty,DW,0,27.18333,78.01667
The World Is Not Enough,MGM,1999,126943684,The World Is Not Enough,MGM,0,27.18333,78.01667
Double Jeopardy,Par.,1999,116741558,Double Jeopardy,Par.,0,27.18333,78.01667
Saving Private Ryan,DW,1998,216540909,Saving Private Ryan,DW,0,27.18333,78.01667
Armageddon,BV,1998,201578182,Armageddon,BV,0,27.18333,78.01667
There's Something About Mary,Fox,1998,176484651,There's Something About Mary,Fox,0,27.18333,78.01667
A Bug's Life,BV,1998,162798565,A Bug's Life,BV,0,27.18333,78.01667
The Waterboy,BV,1998,161491646,The Waterboy,BV,0,27.18333,78.01667
Doctor Dolittle,Fox,1998,144156605,Doctor Dolittle,Fox,0,27.18333,78.01667
Rush Hour,NL,1998,141186864,Rush Hour,NL,0,27.18333,78.01667
Deep Impact,Par.,1998,140464664,Deep Impact,Par.,0,27.18333,78.01667
Godzilla,Sony,1998,136314294,Godzilla,Sony,0,27.18333,78.01667
Patch Adams,Uni.,1998,135026902,Patch Adams,Uni.,0,27.18333,78.01667
Lethal Weapon 4,WB,1998,130444603,Lethal Weapon 4,WB,0,27.18333,78.01667
The Truman Show,Par.,1998,125618201,The Truman Show,Par.,0,27.18333,78.01667
Mulan,BV,1998,120620254,Mulan,BV,0,27.18333,78.01667
You've Got Mail,WB,1998,115821495,You've Got Mail,WB,0,27.18333,78.01667
Enemy of the State,BV,1998,111549836,Enemy of the State,BV,0,27.18333,78.01667
The Lost World: Jurassic Park,Uni.,1997,229086679,The Lost World: Jurassic Park,Uni.,0,27.18333,78.01667
Men in Black,Sony,1997,250690539,Men in Black,Sony,0,27.18333,78.01667
Batman and Robin,WB,1997,107325195,Batman and Robin,WB,0,27.18333,78.01667
Air Force One,Sony,1997,172956409,Air Force One,Sony,0,27.18333,78.01667
Star Wars (Special Edition),Fox,1997,138257865,Star Wars (Special Edition),Fox,0,27.18333,78.01667
Scream 2,Dim.,1997,101363301,Scream 2,Dim.,0,27.18333,78.01667
Liar Liar,Uni.,1997,181410615,Liar Liar,Uni.,0,27.18333,78.01667
Titanic,Par.,1997,600788188,Titanic,Par.,0,27.18333,78.01667
Flubber,BV,1997,92977226,Flubber,BV,0,27.18333,78.01667
Tomorrow Never Dies,MGM,1997,125304276,Tomorrow Never Dies,MGM,0,27.18333,78.01667
Con Air,BV,1997,101117573,Con Air,BV,0,27.18333,78.01667
Face/Off,Par.,1997,112276146,Face/Off,Par.,0,27.18333,78.01667
Starship Troopers,Sony,1997,54814377,Starship Troopers,Sony,0,27.18333,78.01667
The Empire Strikes Back (Special Edition),Fox,1997,67597694,The Empire Strikes Back (Special Edition),Fox,0,27.18333,78.01667
My Best Friend's Wedding,Sony,1997,127120029,My Best Friend's Wedding,Sony,0,27.18333,78.01667
George of the Jungle,BV,1997,105263257,George of the Jungle,BV,0,27.18333,78.01667
As Good as It Gets,Sony,1997,148478011,As Good as It Gets,Sony,0,27.18333,78.01667
Good Will Hunting,Mira.,1997,138433435,Good Will Hunting,Mira.,0,27.18333,78.01667
